[{"id": "8eb09512-d2a4-45fe-8b46-b4afc089135d", "conversation_id": "1b10a2e6-e11e-4470-b36c-b50cdfd01f94", "user_id": "user-RGffMIte56TdggRuglnC0ZbH", "rating": "thumbs_up", "create_time": "2023-11-20T12:34:02.989659Z", "workspace_id": null, "content": "{\"text\": \"Context is King CIIIIIIIIIIIIK!\"}", "evaluation_name": null, "evaluation_treatment": null, "update_time": "2024-12-07T17:28:43.124697Z"}, {"id": "199207e4-efa5-471d-a818-9c91d86d3cfb", "conversation_id": "1b10a2e6-e11e-4470-b36c-b50cdfd01f94", "user_id": "user-RGffMIte56TdggRuglnC0ZbH", "rating": "thumbs_down", "create_time": "2023-11-20T12:53:36.888217Z", "workspace_id": null, "content": "{\"text\": \"Have Opinions.\"}", "evaluation_name": null, "evaluation_treatment": null, "update_time": "2024-12-07T17:28:43.126279Z"}, {"id": "aaa29f18-96f7-4e86-a83b-2808a2721dd8", "conversation_id": "56d2797f-8414-48f5-b3fe-8b1cc905c727", "user_id": "user-RGffMIte56TdggRuglnC0ZbH", "rating": "thumbs_up", "create_time": "2023-11-20T15:53:59.495450Z", "workspace_id": null, "content": "{}", "evaluation_name": null, "evaluation_treatment": null, "update_time": "2024-12-07T17:28:43.320392Z"}, {"id": "ae0d1745-4972-45d1-908e-44cd4166d4ce", "conversation_id": "9adb2f6a-d100-4b82-b40f-0a257c8f9207", "user_id": "user-RGffMIte56TdggRuglnC0ZbH", "rating": "thumbs_down", "create_time": "2023-12-16T20:22:57.480137Z", "workspace_id": null, "content": "{}", "evaluation_name": null, "evaluation_treatment": null, "update_time": "2024-12-07T17:25:07.177217Z"}]